Index,Custom_Exponential_I1,BuiltIn_Exponential_I1,Custom_Exponential_I2,BuiltIn_Exponential_I2,Custom_Normal_P1,BuiltIn_Normal_P1,Custom_Normal_P2,BuiltIn_Normal_P2
1,0.287,1.1157352945410235,0.016,0.7495334265806912,2.473034503901933,2.5315969480861353,3.4382994170674857,3.8281827029803908
2,0.733,1.9293748315129609,0.248,0.20260849523854366,2.2448745274826787,2.1692496837987094,3.3940311822178546,2.7743033661821235
3,0.012,0.17889190506656752,0.539,0.27907746118931015,1.8223521987544038,1.2944563735438321,3.319309813504258,3.029066214345665
4,3.436,0.32832233875659006,0.202,1.7295538124676908,1.9579908820944012,2.018363540142911,2.880393011899028,3.0679267448357272
5,1.174,0.05501452803041952,0.231,0.6197668973594023,1.9099443634542368,2.137992269775662,3.173250458860172,2.1624867139769286
6,0.509,0.31860157731669875,0.561,0.2453129873279186,2.275815494765459,2.2421337187330828,3.316114890082398,3.403260984661057
7,2.512,1.1966198660716028,0.054,0.0949995506309378,1.9932818737250004,1.5853140900102731,2.775851315842111,2.0169368395800005
8,0.032,0.15838710737386033,0.074,0.6469144771214201,1.7904389694194238,2.342937552131919,1.3474368600797344,3.1521854019444073
9,0.078,0.04974241833852328,0.124,0.2703999245609586,2.3047835769086653,2.113604475591624,3.0218049651714014,2.449282770286641
10,0.131,0.9169299751829453,0.222,0.3590430141889048,1.9882021459309576,1.2478113962871575,3.4130383654214667,2.6540591607468724
11,0.705,0.6635068281258891,0.322,0.29095672530693845,2.125425351945483,2.225396545648937,2.9691472683622995,3.123309621740263
12,0.292,0.5587360419365441,0.101,0.010329565944205246,2.462420399349733,2.0387923568906205,3.0416481232130206,2.8053033158254
13,0.987,0.5872512376885428,0.372,0.0807816604317762,1.8921080344637804,2.3411298754159553,3.9328090522557853,3.382171211578469
14,0.269,0.007542521818414736,0.078,0.060103967742532446,2.3046782293437187,1.3682297057671624,2.4499301958066733,2.8321277195381467
15,0.223,0.9665826659976184,0.034,0.36045228517270783,2.1416578792524974,1.6969600688035416,3.38509990280828,2.4738288256998584
16,0.424,0.587435734751611,0.196,0.07354374933315176,1.422566979687017,2.3536682950052503,2.849046309736237,2.8060507055118253
17,1.544,1.3051814599193345,0.17,1.6128746408316945,2.2612847192261305,1.3493988658245053,3.4246973836387653,2.6470559657912407
18,1.305,1.2823264303324626,1.053,0.015229208842181537,1.7741727507492842,1.6914089022311405,2.2160301830850746,2.8966399195553696
19,1.199,0.10487703758953565,0.181,0.5940954364670522,1.6456656152090459,2.089348731611322,4.00299364673398,3.0740682455399533
20,1.373,0.5952756401803254,0.206,0.054530107732317104,2.1117948092900596,1.8212784421645682,3.430495047212304,2.6684673461462123
21,0.249,1.28398805756443,0.085,0.238285086134817,1.8036392226660327,2.7067512489128585,2.546556017019137,2.8083279825457135
22,2.334,0.7330384785578044,0.151,0.0036331419604304087,1.5277047937277075,2.5159411173968653,2.9354726650357046,3.2736697751477024
23,0.118,0.43816328382857567,0.975,0.07981396984823363,1.962746607760718,1.714772467499074,3.3679106870655064,3.103396415510785
24,1.68,1.7652671451195803,0.455,0.2827416848196976,2.1758063273651134,1.5127235365662286,3.2272403076899066,2.7668978833635434
25,0.916,2.17428487850775,0.553,0.7915106675837985,1.437280397513078,2.5973219840496675,3.4695423419578852,3.342783630041048
26,0.249,0.0997247474645126,0.166,0.7933695601487595,1.4040303023809257,1.9056773349311282,3.216023364378499,2.831823290087411
27,2.062,0.7858937202447074,0.56,0.26594061814616315,1.93437450067124,2.350476141006308,3.309151899454052,2.820212826405231
28,0.305,0.13748302032974158,1.335,0.3953697270769526,2.1622726209740164,1.8563224779958492,2.678094934876324,2.834255364523485
29,0.561,0.35064342697801726,0.085,0.17813804099137234,2.1400344916540934,1.8526711042048953,3.601520804346081,2.5626475977365457
30,0.196,0.9989991208410528,0.014,0.33802466073309606,1.735424896823641,2.420305102008689,3.2911561508482037,3.3500096941385613
31,0.044,0.0792715977934977,0.05,0.47476724740759,1.92011861198885,1.7125138158248299,2.7826063766212847,3.951996582487505
32,0.571,1.4310732117344949,0.21,0.24584880062511008,2.1386510367616425,2.0096741447785686,3.590231127899849,3.3453965433253545
33,2.058,0.11679180913438093,0.095,0.00363385580123088,1.9143236756554731,1.9089214423546688,2.3435736135365133,2.2500678860495444
34,1.682,0.5911920899089882,0.084,0.08140142289309558,2.236758849111398,2.005651622975135,2.3983858213410896,3.1431554674396263
35,0.093,0.508464889686584,0.587,0.00552891845953762,2.154455493724984,1.9204381270640516,3.2400666000579275,2.6422907659958916
36,0.629,0.36198806966005265,0.189,0.5895543970299509,2.3574038141778604,1.6947331767868081,3.5750566680729765,3.4096478619053667
37,3.001,0.03739254225054256,0.095,0.46478577853050024,2.153659606799957,1.2488586050822215,2.8983883233527745,3.616060486055874
38,0.174,0.2692690125941823,0.699,0.16155220930559178,1.9654170739769663,1.9674715477312452,2.3049369210949036,2.993166095075794
39,1.583,0.672977140940177,0.063,0.24204232289766597,1.692551542920201,2.3639650966446295,3.1405890301068515,2.8384755682237777
40,0.068,0.9755963403855608,0.032,0.034533229593445354,1.926908293204196,1.2915076368741871,2.9300805125544658,2.979561775559665
41,0.789,1.1119722031397095,0.124,0.6662039216204144,1.644038966754193,2.13654566628322,2.9165902189949096,3.2013521198911348
42,0.195,0.05128057061912878,0.271,0.03752575913244739,2.140619414022037,2.04481269388313,2.522471814323191,3.2492928369625838
43,0.389,0.28510908024374876,0.251,0.19443251482123147,1.9566890046647718,1.9738310234174727,2.7229791032154185,2.488808424547674
44,0.686,0.009865278963252852,0.145,0.30863866925826655,1.865140669337586,1.8159512448972017,3.3991886848610475,2.2807073133140054
45,0.085,0.8513088729657523,0.497,0.020941520407316797,2.2854498563301844,2.058018706416,3.844557255671746,2.258388289895845
46,0.006,0.442877834587304,1.015,0.09508633037777646,2.0602233848207443,2.18391735323348,3.471700785345957,3.7338325294877492
47,0.932,1.4067555547102082,0.131,0.5055767143324992,2.2396743925120424,1.649102690593958,2.982828067836971,4.18044478104941
48,1.441,0.06019506085172338,0.154,0.17592977101923538,1.4451134814078976,1.8459153123263166,2.7778262628472445,2.9217597616017867
49,0.125,0.7419461480044937,0.439,0.019078991364594157,2.445781629486716,2.3380104222169535,3.368760319105693,3.710933828470159
50,0.871,0.8332194500585756,0.579,0.09483140655149874,2.2238672309899292,2.4125721744928974,3.0943798490374306,2.1913566962826967
51,3.57,0.44719830880328537,0.877,0.43845213834234287,1.7606436149808642,2.3592154925776856,2.227525959899375,3.458935186262154
52,0.958,0.26134380384716394,0.201,0.45383132684964167,1.8763891677134328,1.9892975934410475,3.643867078131884,2.957510644717867
53,0.2,0.5241894002316814,0.019,0.14742848212342616,1.985217098522387,2.1188667746162797,3.5487750350922687,4.086880233501724
54,1.009,0.2761870531535467,0.121,0.34073229069526895,2.232221337197457,1.8060772506687401,2.7142226790364825,2.5930421037851015
55,0.404,0.06693507799953613,0.216,0.3348980251221459,1.5925354405471692,1.8498823549621342,3.8394690400453437,2.415191957772208
56,0.188,0.08477854091192584,0.008,0.2560900549525887,1.6142181418127866,1.9414361357828778,3.824182958260373,2.603641722105385
57,0.968,0.9775186311231072,0.067,0.705208870982814,1.9077521664962547,2.2793987179693156,2.2348132496749034,3.7562333283992846
58,0.628,0.43842280073936346,0.168,0.4166384317987481,1.6251894213661178,1.8471180124077304,3.329648336531266,2.2425467649063844
59,0.681,1.6076109920381039,0.193,0.14436607910457955,2.0077346036133252,2.024064285475484,3.2262187340694766,3.377097947928337
60,0.363,0.023584992690472595,0.365,0.3334135918569362,1.9171166657958334,1.9752313562994361,1.9162777209935902,3.657002494121846
61,0.462,0.002072656034236854,0.342,0.21029516542291524,2.2820783767662944,2.226757328556199,2.9926865322596043,3.014615172264004
62,0.116,1.1202067217370217,0.19,0.03507051415173022,1.8795230666142648,1.7828648203432007,3.3258417934541358,2.854184723282187
63,1.032,1.28579421540913,0.05,0.036672321455716354,1.6858384628473881,2.38137373949575,3.1954290070912594,3.8499288343870104
64,0.452,0.8294910956969381,0.04,0.0055536549835694116,1.9390781594697093,2.055409924831103,3.1305888017395165,2.7262017253274435
65,0.828,0.14605952382886728,0.02,0.11134859128722169,2.2150882104585783,2.1228896581172325,3.0980583900609493,2.648453586312011
66,0.024,0.3192488756496459,0.166,0.4391877712881892,1.3876479577184364,2.0740154473703196,2.676183971629621,3.2365854060932215
67,0.059,0.2913377328594578,0.145,0.3728886203126901,1.9820131086021346,1.9524576846167783,2.1681222607873503,3.101323950403384
68,1.665,2.284535637153133,0.269,0.019605306830562965,1.9232274639449063,1.5650907685308537,2.2232546431381737,3.1145116012270506
69,0.873,0.17699855137678788,0.042,0.31001128608504686,1.3539399475086258,1.8997899619763943,1.9864808570946653,3.5300669415094426
70,0.097,0.052821738294580006,0.096,0.8122812839109592,2.344756944012158,2.143878266011982,3.6574878617802655,3.1680964536858407
71,0.273,0.41245935318249144,0.026,0.06322976881149212,1.914901918264307,1.8493087412649185,3.642925468585941,3.506903220449785
72,0.656,1.2574086138716811,0.039,0.03795478283928459,2.022389250054959,2.1167859617791613,3.1943350892785785,3.5766690723963075
73,0.54,0.3042983831078884,0.426,0.6143212901349304,1.6581285046549912,2.071543181715647,2.902616663272159,3.3745191634018656
74,0.599,0.7035928826579504,0.043,0.16286395753214886,1.8450551214023154,1.5286627560423816,3.3583166943722818,3.3555643418209318
75,0.026,0.09737293486418958,0.37,0.7536941659244311,1.969971337840404,2.0999829560781538,2.851633510296253,3.0726865459234842
76,0.63,0.04187240835883525,0.058,0.1763779943330968,2.8243092603230484,1.8632771770794914,3.6583273343190346,3.3097830681279383
77,0.882,0.772287815224516,0.045,0.17711153815493777,2.060772513183291,2.1259003052345125,3.8793890854336226,2.8598967393628882
78,0.275,0.7370945126314967,0.008,0.13431939231165024,2.1250501162912188,1.6978628809166116,3.309954758623249,2.5696276630796078
79,1.675,0.6276022534731532,0.042,0.0803337729618294,2.1620708380669287,2.129562692083032,2.9215684704133973,2.3066944656126127
80,0.124,0.35052595860972613,0.771,0.12874258194432878,1.8249966883044393,1.9728140968909402,3.007637073956289,3.7109253017752226
81,0.222,1.7774629466839102,0.154,0.5039571554002663,2.8204513484115807,1.8508440234216046,3.040374713362657,2.2076440803931026
82,0.859,0.42117622674221633,0.776,0.030619357408054958,2.558510044468584,1.922078057043157,3.1587943965580383,3.224965125967036
83,1.538,0.6687332371068695,0.504,0.093744322891872,2.1330218367572322,2.0128902041157892,2.741021020843006,2.97847649195748
84,1.182,0.7115328115213821,0.258,0.6468167824281948,1.5094155839238175,2.672402296928395,2.353362326185696,2.7072305911348593
85,0.343,1.0775868856539597,0.247,0.11895358914238373,2.1408050918528465,1.6450808120334153,3.4664387169165933,2.9651458915654865
86,0.418,0.2529487681425071,0.74,0.05206815508700402,2.2712753053981865,2.0343417248476054,2.8713708408605183,3.0116537959679572
87,0.436,0.9836999571115772,0.026,0.4966455129595358,1.7414038626036157,2.0213506145197737,2.8162398555452635,2.5448745148895746
88,0.701,2.692999206684272,0.239,0.19617983248703735,1.7714716227996448,1.580207935473206,3.3543082156158124,2.1345096632281373
89,0.109,0.10304512098252291,0.049,0.18497907799390953,2.1128665348677065,2.324630627117657,3.3142883667020593,3.245378637585953
90,2.113,1.3277742953933909,0.429,0.04852880583099276,2.052983569717698,2.3647071314411283,3.743089515929299,2.576022871694848
91,0.041,0.4086297108713678,0.046,0.21350478072586954,2.222057766190602,2.484883916798761,2.3425683352033517,2.585493849436935
92,0.028,0.4811716798959232,0.1,0.09260780494828968,2.2205659079934432,2.5046369930107764,3.0065133453784387,2.632050135864511
93,0.454,0.8605504480514385,0.017,0.19878530418522913,1.9342081745063964,1.7898853281327913,3.051472345682619,3.432094637866933
94,0.287,1.3755996076455976,0.315,0.45338360473575656,1.5215273996619172,2.2336759544310816,3.222879272610038,3.7820157347163947
95,0.127,0.34528987263268784,0.284,0.7165095129493639,2.3722641309327144,1.4524168025912134,3.916715684857422,2.5404395125631734
96,0.245,0.18103268410424045,0.034,0.2718822750311566,2.3377083525723896,2.008108895984351,3.442462460066183,2.587892435859309
97,0.246,1.4008731569746236,0.552,0.05611939503324694,1.6843910028317202,2.3779075821055433,2.538410857012091,3.5109961836354966
98,0.091,0.8643631385559903,0.005,0.8266555061717564,2.045642771328474,2.1947877363038284,3.8772129275293334,1.7881159745798494
99,0.767,0.8453543192696374,0.175,0.22537240554982957,2.240350475885603,2.170196506244167,2.3741433676349137,2.5197339440212567
100,0.345,0.11986501044369433,0.144,0.03716819639985044,2.505367069248605,2.1725895491806595,3.7466316265133197,3.147079955897685
101,0.52,0.22673316372232927,0.019,0.1950959003705568,2.1966698374495848,2.117945727588445,2.949574808786724,2.963152392068548
102,2.218,0.02927817690713947,0.328,0.01623593440328296,1.764714299659529,1.8617018923255166,3.389307275174094,2.6771474973405107
103,1.016,0.21107728964906797,0.814,0.1067738442509691,1.6518209416439695,1.8868029080983957,3.2574161262136356,2.8215033827455147
104,0.393,0.23117049156985242,0.911,0.5528584160697547,1.7206919821635216,2.205957196776369,3.3994788991960685,2.3721343963544044
105,0.141,0.08088905011396849,0.499,0.25990769571347444,2.4372035191676695,1.5798091403430665,2.394433538005246,5.164149642424592
106,0.582,1.2266422431786759,0.277,0.1130723910956706,1.63522990511814,1.9118491997621385,3.7780744855680934,2.7723382209110254
107,0.169,0.09027992841616192,0.159,0.10935898065226714,1.8734619262453782,2.72177172642321,2.6773823358312137,3.5858127372783497
108,0.06,0.21879146757648285,0.518,0.34003785586191493,2.689502341110322,2.4871384905277187,2.638834389861442,3.220339770799524
109,0.962,1.284458440845339,0.015,0.006551301286748426,1.976258239152522,1.9038492473625952,2.11716828118402,2.1246041347288935
110,0.965,0.07834919304192697,0.154,0.10170798783444342,1.5756235191553822,2.02676903230186,3.3762242565615646,2.8098743228304004
111,0.412,0.03777645335075757,0.067,0.13275593250875928,1.9881133559924478,1.8867217445044404,2.618832273559198,2.6305604558839337
112,1.361,0.4303169011215864,0.258,0.442380005924633,2.3227402127000767,1.9755474953828454,3.1504147403026006,3.212474726799053
113,0.439,1.1428491348513214,0.013,0.13663059988415968,1.5764055153234797,1.9679718721368644,3.028356755901263,3.246626050791459
114,0.454,0.7287392209354661,0.093,0.1111701045334246,1.9587381061813547,2.0319887189558443,3.2014108350897725,3.100771707602182
115,1.182,1.0714472994781816,0.109,0.024474786273750177,2.049310479809398,1.9561015921721323,2.998676116619462,3.248441051347627
116,0.25,1.4405829473030745,0.1,0.002070371092411781,2.060538627753403,2.1897153858844645,3.670190448764783,3.131027108206522
117,0.902,0.5951641816740456,0.097,0.22472861516840967,2.5509433583530012,1.978063428196697,3.524698280487377,3.926672200231333
118,0.388,0.03656331985897854,0.035,0.03208405413034218,1.9632687505826312,2.034419231001626,2.473369585378876,2.6763730449394716
119,0.363,0.011905230639856644,0.219,0.16077768778793727,2.4981823809330277,2.12833479559919,3.13153439270939,2.471567944923941
120,1.46,0.6559050500144444,0.172,1.1967141506811858,2.080888075103976,1.8429835824865533,2.991296369158278,2.386607565036813
121,0.143,0.09944808240445203,0.284,0.29406239865076184,2.420787205827912,2.607808055147772,3.034598789478278,3.5038658937110787
122,0.363,0.09768645624781858,0.299,0.12280808616113462,1.663128763483941,2.199373862585184,3.2584896601071227,2.9376234743984515
123,0.762,1.25805686542204,0.096,0.3315209178011199,2.047326818330358,2.018066663064312,2.2763547609605124,2.921647196266897
124,0.067,0.8114320508459977,0.028,0.20208811995833198,2.0823982001488224,2.182581124042721,2.4390595746614268,2.728149873722768
125,0.025,1.0626768858502726,0.048,0.13318513431850773,1.6678508718038976,2.012514593129669,2.824415400601418,3.696650256966583
126,0.247,1.4125390406371585,0.364,0.5307734340711572,2.504095837183977,1.825656136566633,2.6878496805014707,1.9836031039551871
127,0.605,0.46551250702356317,0.676,0.0297316960951086,1.952920267515602,1.7208371876920798,3.476585540836844,3.05100758956126
128,0.376,0.33889101346142836,0.389,0.16009335263725674,2.616569766795487,2.1033481914017416,2.1627061807520236,2.797512516510027
129,0.665,1.9993810657358528,0.0,0.04023850015743584,1.934729926292585,1.977271633543278,2.6496752353915185,2.617785454754311
130,0.906,0.6381712988073422,0.001,0.04546776143454456,1.9479956520272874,1.9090259236372045,3.2733376899024353,2.961023287490794
131,0.243,0.3821348372430045,0.005,0.339343017298478,2.628712040420508,2.1605982557330754,3.153096645085646,2.785266624902247
132,0.378,0.23174453516258237,0.445,0.13298399704561964,2.236320555962166,1.6398128397313725,2.4276965891019686,2.7644132201347276
133,0.121,0.13197810118406134,0.045,1.3696856886673172,2.0884037249792806,2.4873075692461346,2.963808774235867,2.720158150058497
134,1.21,2.3998161737401236,0.163,0.1894083721365738,2.6161470603252557,2.0964746272183454,3.810510477113421,3.26510495606215
135,0.023,0.3367097738909653,0.075,0.18246583643591543,2.2603937621253642,2.1537443616793057,2.717732617520286,3.2905817315718906
136,0.522,0.14652029625032104,0.012,0.1464526026439298,1.5647304692200505,2.591826407268526,3.3441235793608666,3.0030231688857683
137,0.325,0.7683803387251504,0.211,0.21762235913012792,1.8399426476025698,1.4812126549575648,2.9162877399502865,2.63436155054026
138,0.633,1.0276607176688186,0.103,0.07275731538429869,1.3604414854027098,2.0885504597961577,4.042598427723698,3.4129353941836156
139,0.003,0.19056186913331352,0.176,0.0475292331117859,1.6371182744132915,2.0486997050312636,2.5102321524714726,2.714146587460661
140,1.606,0.5415702172851546,0.28,0.23538547885943403,2.3004919314019014,1.5981433485305563,1.8836557517496584,2.9965775063554756
141,3.494,0.03246257003702385,0.607,0.13119547293438058,2.3906854259917916,2.544127614427685,2.8628850221536357,1.764786987038672
142,1.254,0.19513832504600015,0.073,0.3984580847964584,1.7928533650573728,2.3829816493492326,2.921824855199441,2.9136086116321684
143,0.045,0.3782613091560971,0.465,0.1286714210882509,2.202195502815667,2.0831215089264816,2.576012714095131,3.0303274503081195
144,0.494,0.05523353052270361,0.427,0.10078660387135441,2.1358445680254152,1.7556862938187123,2.8345026547599548,2.5816347770455628
145,0.169,0.45269391316658014,0.276,0.03362172678438006,2.1823494707653444,1.9919607619221333,2.366658989660052,2.6865191796994283
146,0.117,0.5259370524117406,0.26,0.9023500336687279,2.536986093554783,2.3306291221445536,2.424978199919959,4.109970730287617
147,2.113,0.10845186604701287,0.756,0.6661886651017211,2.0680104618980724,2.1422737127350935,3.1971084168459516,2.3961589054072756
148,1.237,0.0946716073794612,0.093,0.007611487368441907,1.4243413263197557,1.547053565771853,2.436066052859165,3.2446479513454602
149,1.426,1.974219934643651,0.592,0.07813522584609468,1.916376177645279,2.3450237079207237,3.1794678617575705,3.608829691291681
150,0.109,0.21128509171246204,0.06,0.20853216725913692,2.2277535848621093,1.9107182674916279,3.9306412780898405,3.59045549810298
151,0.06,0.7607264312165813,0.154,0.07241155702527027,2.045328901434949,2.485756404371345,3.127754855916494,3.3073405801876556
152,0.574,0.9805192730157175,0.063,0.26809772781285723,2.216189007539219,2.0009653969595806,3.050715504462237,3.4015781456312038
153,0.157,0.09854798011062757,0.138,0.033809034246724094,1.5040140875472954,2.239343747957214,3.9818880042281606,3.415986453334572
154,1.737,1.7407960549487582,0.129,0.12701670420985683,1.9812743096535244,2.242462761138175,3.1434663930613516,2.6479676895414532
155,0.747,0.36268290600540226,0.12,0.30455190502065316,1.6964656433434118,2.0462078883534343,3.402092943406775,3.3550320505299718
156,1.078,0.42534234424281175,0.15,0.20400894552823584,1.3812788501439357,2.0656487631970255,2.7012196427232693,3.529853212925014
157,0.009,0.5068462839500241,0.143,0.26432624811650585,1.8383032589498738,1.9833377126968843,2.691343495685717,2.8946653870529224
158,0.773,0.11371050480971735,0.422,0.01133449930043026,1.9308075651514818,2.026907816090761,3.0134349841773225,2.818035469232528
159,0.753,0.06789747466792373,0.163,0.4246088199045465,2.0979195348337565,1.7985745179472175,3.0749051659206312,2.9318850411399233
160,0.746,0.3836794411309675,0.51,0.10136729433465441,1.5386416357985584,1.70033629209473,3.1957283970572488,3.218797597529852
161,1.091,0.4948915611088272,0.08,0.0663454951829376,1.6491954524704264,1.4485345125354798,2.5163968182829244,1.7699413182485113
162,0.155,0.10246817241475162,0.01,0.187424384832497,1.9022505036252555,2.803249343121542,3.3014043468942464,2.571151192941335
163,1.15,0.6135856434038491,0.115,0.46562422150735167,1.9714346683359727,2.294807018159528,3.179410443987929,2.950133104529837
164,0.54,0.5563158475351221,0.153,0.10548678357495662,1.5414302112694886,2.4397005681992034,3.540043062011898,3.231082138718232
165,0.268,0.39934376552234846,0.146,0.12618960828089837,2.439013791744361,1.877152769575569,2.2194929257330798,2.87684656567297
166,1.272,2.031642933217479,0.005,0.12118533418729678,1.8187103954612922,2.437827954933508,1.961285614377079,2.7660154657325613
167,0.676,0.3513967585855498,0.087,0.11915070618094302,1.2966979101592013,1.9226274336652067,3.389258599646988,2.8759759516888423
168,1.525,0.38700995748782285,0.14,0.04431879859471127,1.5516053557602298,2.356068058936319,3.0289583342353064,2.735547537221267
169,0.384,1.1730355187219834,0.062,0.015702083445523683,2.2710459575053097,1.650973183496307,3.781411089816955,3.87423518853548
170,0.595,0.022542205362886737,0.078,0.08737352884691728,2.033124060816288,1.8029626572975055,3.187252133262235,2.9265236813499063
171,0.227,0.33707313083339596,0.011,0.08994487985656668,2.258159338626786,1.5222359993152044,2.402507643703589,3.4013618091106217
172,0.148,0.24784277176761588,0.296,0.13128726738661967,1.8681195574066611,2.098024739536899,3.3030128021501812,2.903554883566839
173,0.149,0.11426129700788362,0.066,0.36078943451155376,2.6134901602283636,2.028767504000945,3.468095881024397,2.757639083750629
174,0.659,0.2297962493905637,0.699,0.15505702313486353,1.518929380516136,1.569355400545617,3.2117535922108043,1.9852322465061862
175,1.89,0.3982875612298029,0.002,0.0709624617504063,1.9035691398666594,1.9743396688413615,2.552762292221196,3.160529171431265
176,0.146,0.5540532851890676,0.007,0.48974389879639935,2.420682125084309,1.534596757561748,2.613704478221724,2.830988003822286
177,0.176,1.2391027332032403,0.271,0.5705488197907603,1.568128590360774,2.349170835580098,3.0006058341337405,3.546628348222037
178,0.141,0.16186590487975966,0.041,0.22870993155825292,1.8185354660239932,1.8195700815396867,2.407030725255706,3.1866766512457576
179,1.489,0.00522596633992525,0.28,1.062233843292604,1.9899397201909939,2.3881302404391773,2.8738553248006737,1.4613481497415557
180,0.077,0.19007816119259924,0.183,0.1780386784672175,1.7771936028156874,1.8424879626402726,2.8056495233181677,3.5907465325117953
181,1.166,0.11479584285137769,0.372,0.0577614169585889,1.4955880864969202,1.9004776487975876,2.778771053455891,3.4558187482412674
182,0.198,0.5379958454385321,0.121,1.1372947067261754,1.7929076390853613,1.696883834928549,3.621555090973402,3.2955689648956756
183,0.227,0.22671789498941353,0.098,0.31863557795489506,2.392851470000624,2.086545847176694,2.9765572074667017,3.1987406966833185
184,0.295,0.3959682657576957,0.125,0.02539470896272918,1.8165886603347212,1.9178779513626076,2.6750737021790885,3.730937989218351
185,0.496,0.007925588304997585,0.396,0.6949727238760783,2.132641406713174,2.143634373119504,2.8106167572828076,3.7066128138719163
186,0.006,0.10174955120932529,0.001,0.19923177061043879,1.8153984972811223,1.8906577321143379,3.3931424640940824,3.739085648569503
187,1.864,2.9228311671403433,0.032,0.0572305847016371,1.5044481182982994,1.5433416426367248,2.3343605253135156,2.461672592996932
188,1.259,2.067722345877881,0.154,0.015969970204971682,2.477206560244586,2.0698860839633473,2.8621706564306173,3.2224666008435405
189,0.957,0.018402521725493552,0.084,0.10314352642653546,1.8238320854132162,2.303760296487572,2.2260900354351185,3.198536716375189
190,0.089,0.08682780556167094,0.092,0.07671109463322451,1.62659676393688,2.4589246612530355,3.6150619140056213,2.4573912153560156
191,0.195,0.41799138078443066,0.354,0.3136921828697233,2.124383067700153,2.2023987154970306,2.832677812414867,2.1780612299361892
192,0.303,0.2952689365066634,0.08,0.2040837844776111,2.2247455484636687,2.035032109813197,2.3911163951090106,2.7698383928531074
193,0.605,1.5258167276989252,0.048,0.4363929758312686,2.300024594844995,1.7569111565651236,3.0126187100129886,3.1120648898067094
194,0.984,0.3281156833426054,0.018,0.34405305359975363,1.5342410531556983,2.104617164542311,2.8454882732093933,2.329307172687923
195,1.069,0.5036883384491793,0.032,0.007376565320067351,2.3246504669443575,1.8989441607003277,2.48451579474105,3.4552085080964914
196,0.724,1.1584339031329498,0.065,0.068831602305861,1.1350300008038046,2.1542745826861087,3.1580497764387,2.788729641231286
197,3.837,0.1640697659580474,0.108,0.19434022880891555,2.0758273517386807,2.0837569743183564,2.0476556801990187,3.0171724863096157
198,0.413,0.38115662178313153,0.554,0.6227255831397218,2.4615606746670777,2.1828775964890372,3.4199023508748185,2.237014215582584
199,0.026,0.27518059805534767,0.344,0.1870783458275045,1.444227249125932,2.172777767713709,3.2451222954404075,3.419473549634655
200,0.086,1.2694778782095812,0.263,0.06778936400228178,1.64263281029221,2.3903518989122388,3.6035525249581672,3.218333142774314
201,0.694,0.2948855389595803,0.073,0.044730320020092314,1.8192268889006054,1.8306167591103468,2.903646812744918,3.418538618642668
202,0.971,0.05186481064889599,0.167,0.31497712557789675,1.9159863456725768,1.9702473668387843,2.866258864792671,4.0444980873684795
203,1.356,0.9549200702720402,0.887,0.2952309189616022,2.3241014210905924,1.8224014401999418,2.9489165599684264,2.9933142397729924
204,0.661,0.2788812344730334,0.002,0.15455453718590298,2.0113722861032124,2.0793393691178066,3.556813799751718,3.2371388286871072
205,0.231,1.3281096974955184,0.373,0.20399104683504118,2.169946863995235,1.998349540757915,2.695645047772543,2.8359916831387735
206,0.106,0.004704401998240732,0.207,0.033589996817487484,2.491982479204768,2.0659845936450947,2.526390065532889,2.6113320923087806
207,0.482,0.17750625743477938,0.084,0.2053850345380493,1.7831056211421972,1.7172491681560986,3.788041307189601,3.3529143610563295
208,0.998,0.1065524580657754,0.048,0.04033828960666211,1.7230206910173358,1.9934257000153577,2.803672557506874,2.9475744552325183
209,0.045,0.8645547792059523,0.197,0.07247528722765939,1.8997089526406503,2.1073005126362516,3.2224956970532044,3.139706159732826
210,0.18,0.06634776617625765,0.135,0.19801666863929054,2.1300779505059055,2.2754067908929207,3.412929389303377,3.4052049225123753
211,1.917,0.8182507854953727,0.289,0.9807209570232589,1.74877255117132,1.7205660045849744,3.203397453192878,3.6633344031377266
212,0.866,0.6673527046210341,0.792,0.2727821317837265,2.401382954244737,2.3506036891206974,3.7331708157489247,2.3936290691861686
213,2.496,1.1306776234439766,0.259,0.587525934652108,2.1322432214278226,1.7554076895241753,3.1362190876471967,2.959262065027136
214,0.972,0.07695492898938394,0.548,0.0818072348173239,2.130391528461966,2.0727816377780326,3.129679698447273,3.086918479942183
215,0.653,0.09877562178217633,0.447,0.04033211541672592,1.7289612164082069,2.114549345535125,2.777035529844692,3.3326204879163788
216,0.013,0.029784365588749005,0.091,0.2020203256278503,1.7195132753905833,2.010784352247115,2.5700005718958177,2.653973117155575
217,0.744,0.17578863762433639,0.104,0.14858022544554292,2.471901313420302,2.0507387655556006,2.8340147539637512,3.0093103324680905
218,0.543,0.03819358354155203,0.426,0.01599011132244724,1.8124013581433627,2.1364096074094823,2.471491812086206,2.69548686229883
219,0.501,0.2949397151451505,1.222,0.25031032117050617,2.349821261579503,1.9039316585822799,3.475192541309055,2.8545412530533985
220,0.507,0.0421356770967513,0.074,0.04592750109485755,2.1185534044996728,1.7761792168927735,3.173077611559744,3.5446786824676533
221,0.926,0.38713895458132164,0.746,0.011210835220565794,2.508814466477222,2.106567781731179,3.05641659634686,2.582576225905955
222,0.268,0.36989392721705805,0.02,0.02702594442353262,2.1214351437546237,1.7343828044494032,2.394329397760674,3.430488203693078
223,0.825,0.29896815754733674,0.294,0.18300743639681763,2.3200517900459645,2.4102301527857497,2.805440527302095,3.0209022704234174
224,0.148,5.328589999193822,0.251,0.24921129139919695,2.414113295760185,2.067254758884717,2.819253740580097,3.7158157926320694
225,0.349,0.3356962573706943,0.163,0.12800967505721614,1.9531893036526333,2.091849531237296,3.0420395375917297,3.36296234899189
226,0.638,2.553673594912025,0.13,0.03449259953028239,2.252372295453729,1.8625517872334572,4.204378295301087,3.2050624979275697
227,0.178,0.39088379768494297,0.051,0.08541298278799665,1.7420065803066722,2.034577026912956,3.4070512040064322,2.653275538840529
228,0.16,0.5875998847699763,0.088,0.05005220573905608,2.074352846321929,1.9799494160371058,2.916709245228262,3.1280106132360137
229,0.739,0.21231645400711358,0.429,0.2017865046893048,1.8231599421633886,2.0380057068424504,2.806963562855516,2.529529926839976
230,0.04,0.1871721491032503,0.172,0.045670418619804365,1.7603646361433685,1.817593863716944,2.8759909819255696,3.4526406381760677
231,0.111,0.23346946525031212,0.404,0.058410352925197466,1.9412864389938658,2.176113681333785,2.286321305818281,3.379284989041303
232,0.403,0.8437159613799025,0.152,0.14610089998089346,1.8193025478806217,2.066585088169599,2.774685219921125,3.1267910972625717
233,0.035,0.2308784024242196,0.012,0.2653878998148567,2.221159192701224,1.6408885230816395,2.337916928902435,2.7844246554550436
234,0.06,1.2210347288796537,0.194,0.23313242188101044,1.9790641057609077,1.7361870337726906,3.0418740068928116,2.580777464835128
235,0.954,0.04692517799618773,0.13,0.5922969070508771,1.9719366681547694,1.8221594520346345,3.401264375496609,2.7616678471926908
236,1.054,1.5332261188328975,0.42,0.06948572948071183,1.6843104751240492,1.6579635243503095,4.222450001921818,2.0040532208573714
237,0.443,0.8016929787995146,0.144,0.01126871458094704,1.518903717380643,1.9311527539475093,3.3639756214073517,3.0569870621384325
238,0.378,2.7570475532336642,0.059,0.0904726447630978,2.238469627927412,2.3740808959402275,3.7198312552936437,2.723338218738107
239,0.871,1.8511604118983729,0.09,0.5640843472924646,1.8311225136999745,2.147811530176411,3.914537880814595,2.585196066721704
240,0.823,0.005752558044853151,0.117,0.043127776107649576,2.173523342837801,1.5973157077009281,2.5075194792768936,3.446967082987652
241,0.045,0.09212374231861917,0.058,0.3719613847692645,2.2344398626705475,2.1979233872118704,3.728882520763169,2.87621872789321
242,0.538,0.2141515599074975,0.13,0.038428639929657844,1.9720038959790591,2.1445836382167487,3.082032844046804,2.4602298781908507
243,1.333,2.7416962340091744,0.466,0.26367893205238097,1.9251915587192967,2.1911073285964857,2.1818813323309847,2.884020370539005
244,0.531,0.5225907800689156,0.039,0.47281197470013725,1.7833602994434632,2.073668740472854,2.9658805424335726,2.894779245286645
245,0.318,0.2754310761032015,0.01,0.0013207808500134363,2.265174553879913,2.219139491428577,3.0761662735677104,3.0610500929111275
246,0.408,0.14024170676962525,1.054,0.31017628444948986,1.6653591719653174,1.4971798680611155,2.9629885120683728,2.7272460649473276
247,0.456,0.5562872788681793,0.173,0.9696088982794234,2.1054301206908357,1.970062545681315,3.5645782217197954,3.6323248049876065
248,1.263,0.18904462317946516,0.063,0.131178192540053,1.7255827252315683,1.7859692168811852,3.1765910101317893,4.18358431750618
249,0.917,0.08882410574481722,0.837,0.2448637934030219,1.915004531397175,2.059259910357562,3.6539376203632883,3.448992166471958
250,1.827,1.1397862202163476,0.54,0.020296512689303194,1.9399376927098806,2.460733463485079,3.064486557774429,3.5774936131725874
251,0.752,0.3826077046786719,0.01,0.21178839109196834,2.4213747675968937,2.029491600278931,2.7676995757058243,3.0737118066338254
252,0.545,0.6317059097437703,0.422,0.0005855165175478045,2.094979573106083,1.9470287621150977,3.0149549865830383,3.009107550060685
253,0.131,1.2512411728364943,0.537,0.6664147830305881,1.6035681417452325,2.037539071176578,3.0263660849963907,2.8468167030979097
254,0.217,0.7362039489013488,0.008,0.12220194192874956,1.6690215353209088,1.6793734888412106,3.5516361021587826,2.63911730128631
255,0.422,0.4529787841667565,0.144,0.5313955806967439,2.164075537983913,2.1156296320929204,3.377839279538481,3.060255302681494
256,1.252,0.6297210158334734,0.03,0.4610590127139431,1.5900501500598316,2.060848582816884,2.7463829387592016,3.2175592082946975
257,1.472,1.4605908197088344,0.23,0.0027013410491723085,2.6538775727502775,1.7657911170636154,2.7888301727488867,3.613863065688701
258,0.343,0.07620693331241214,0.115,0.023306231043661047,2.0045416551748656,2.322505268906155,2.8663762899407996,2.7668746049253556
259,1.158,0.10806663465866365,0.16,0.026020138513228753,1.673545182825706,2.052743752129455,3.6910681757542205,2.931793333836422
260,2.28,0.23077072029865267,0.197,0.10184509239350314,1.8898560169687695,2.026872513023792,2.600602354688892,2.7797015495283897
261,0.725,0.2685832494526871,0.049,0.1447073120408897,2.2669035602875915,1.8723264563262856,3.1099814551675418,3.7252572054453053
262,0.138,0.031633230311956084,0.495,0.41443196310949704,1.8993787029341747,1.6969620707714226,2.2722797026699424,3.018252952240881
263,2.047,0.7772200665034403,0.162,0.0643058461499209,2.369841565942737,1.795278972497067,3.3887088117629576,3.9874696887133148
264,0.67,1.8175463859470735,0.034,0.013217004192907812,1.7375907946338507,1.7741942797897705,3.483762353717992,3.4243037472606463
265,0.202,0.28567456890280357,0.445,0.17435164405856146,2.306046347173619,2.0207487333373186,2.516990508409765,3.4720313556859774
266,0.073,0.539193551845747,0.255,0.1414035887460578,1.9016766457150316,2.0054264579653136,2.8161279579300547,3.5314244090839217
267,0.516,0.5845524697870335,0.034,0.01438316031989916,2.2595271336523552,1.9828836236995004,2.720893263118772,2.8667098667472155
268,0.112,0.08874751086363321,0.187,0.1567351200708553,2.2642153048859295,1.5577326570726013,2.0774472284264895,3.777638599413735
269,0.802,0.07896079932596,0.535,0.04217592521093994,2.156521214923673,1.9455408802635412,2.335543038753758,2.871947491763662
270,0.651,0.692395099614237,0.016,0.32944227674699855,1.8908564439662596,1.6036115601410788,3.7138677963457574,3.0080750882923186
271,1.117,0.6354549824903546,0.747,0.4825387834330149,1.2562861730585713,1.4137746494331773,2.7974439876699098,1.6933447667301122
272,0.604,0.48151758232886865,0.264,0.2249786062741293,1.7202349346406174,2.046360150292217,3.1797399997404177,3.1571056895429708
273,0.064,0.059172833188904234,0.019,0.2330992943329915,1.7524602502210926,1.615082586428775,2.9800968886953014,1.9649062519287877
274,0.688,0.6988019163545571,0.11,0.06946300759748082,1.5401886246263667,1.8444494412219683,2.99005882001101,3.1888378574460123
275,1.955,0.09928286757405197,0.011,0.05722932546293664,2.2880320284999205,1.6973055701570974,3.0846229643210443,2.7934825778940002
276,1.14,0.45789509794622557,0.479,0.4164439902023044,1.679521618947878,2.1892713089557545,2.950954960230353,3.0309358757605733
277,0.297,0.7020156811042135,0.136,0.5920673572641858,1.6649865542016586,2.1373915136289394,3.7450941597165786,3.0852763002294536
278,0.273,0.37754391692182737,0.261,0.4352132317050135,2.3251549532384415,2.030213466044173,2.1420383207976452,2.240564192030897
279,0.982,0.33630895992653964,0.054,0.05079753779244193,1.4805119085069804,1.8758314670294605,3.761152638910359,2.1029696684332513
280,0.398,0.9886320714873553,0.428,1.0701049164809469,1.707609507922434,1.5052989294256243,3.1537968892680643,3.248328105271691
281,0.038,1.282412387993013,0.152,0.3815369013008707,2.4432059806210074,2.108499503158347,3.2417785116459226,3.1581393799154065
282,0.706,0.9733092988386344,0.273,0.8998273671845783,2.5378741585446583,1.9313636971287624,2.3341116123963497,2.464347686225749
283,1.515,0.17922847503148837,0.303,0.44370779765233564,1.47311199360625,2.5016702643890136,3.3595854889367396,2.3465364111438416
284,0.343,0.0444548674572792,0.137,0.42670032912352424,2.4195247743622783,2.2867153887227625,2.816350529111612,2.591975965943871
285,0.942,0.40894967893797884,0.131,0.13121811994745622,1.9129920592528646,2.350820649282381,2.4100156629526848,3.879946308916303
286,2.734,0.025332320740419953,1.125,0.40924197189303557,2.030047637971233,2.2762276652681903,3.0014031204713962,3.1522561185776476
287,0.591,0.9734114967881613,0.302,0.20595874862199323,2.4014939220723837,2.0331043996422773,3.3008546416520037,3.863855068142365
288,1.584,0.06675480735999648,0.095,0.736339899579102,1.6904238481518425,1.6694134570759487,2.913832762163096,3.2666570418761594
289,1.166,0.08250986719873633,0.171,0.5325034326917872,1.8517208432098704,2.120756072447186,2.4160953037972255,1.9934827327556024
290,0.235,0.18353388196853515,0.018,0.3761410022742349,1.813705862196661,2.057621943679809,3.2559379908973995,2.787986410360463
291,0.075,0.191462927317335,0.129,0.42251733248916057,2.1631446698586423,1.9015276571958784,2.6305646334422326,3.053915893971442
292,0.242,0.6586597905783211,0.482,0.753596027445128,1.644832106935561,1.9585856932063592,3.3552914488253176,2.788157153248146
293,0.398,0.5109397350461268,0.128,0.022073258526176063,1.6648412604168998,1.9117437143616507,3.393367938501611,2.003401182136223
294,0.214,1.8760156209574066,0.504,0.22634604983151557,2.135074495721179,2.0172412904157353,3.5322688190530647,2.2803247178608546
295,0.1,0.6616867609571181,0.102,0.32438229052520706,1.388041884616333,2.256987464985319,3.937659374792544,2.818759988506234
296,0.322,0.06399323125765097,0.054,0.03476199593207991,2.2709624829956403,2.1931640197903417,2.8276492006268668,3.4061989973164946
297,0.321,0.4356500644450887,0.115,0.39345161379678223,2.6986176134334015,2.186617589393007,2.7861656425029127,3.142223978680382
298,0.923,0.13431336824557055,0.331,0.05324628846562173,2.337505918747922,1.8952119751751046,2.6294343659034825,3.4457579416309594
299,5.088,0.8301492726724896,0.092,0.07599517908044522,1.7145245585154163,1.8338308349387578,3.0049409237018043,2.9698118345689126
300,1.603,0.25403646850863215,0.099,0.14683500191169094,2.3811762440433037,1.9691340188510038,2.7372807363869436,1.9663035329910619
301,0.077,0.662454501040877,0.013,0.3154172554285762,2.3469953115616193,1.8861582075200947,2.713633607272018,2.3151708021661683
302,0.025,0.3948938767078092,0.235,0.1090581577150991,2.02395252233012,1.6523225997182918,2.893930426351248,3.152132710723627
303,0.417,1.2935053995982924,0.088,0.12024398485156353,2.0611505436499886,2.1013349872331437,3.6245711710289528,3.9359612086216837
304,1.819,0.07603430299947712,0.322,0.030568432839084177,2.239590917135777,2.297489421764827,2.823326825861447,2.6187224527017112
305,0.013,2.398939100408103,0.359,0.024025407743189443,2.4376807392390227,2.2069369360311257,3.9806316535539104,2.977624784491199
306,0.737,0.38463763570712134,0.248,0.10943827730917308,2.6177154601907207,2.068587406657747,2.33043701615022,2.820634963895268
307,0.076,0.19125992284740162,0.258,0.11116707656400582,2.1555213650632576,1.4494500320449095,2.975245514781737,2.8607991381198534
308,2.31,0.2705933782140055,0.639,0.2805077333868412,1.8887157995741857,2.3495685386145007,2.7976917215253585,3.3450388914688545
309,0.264,0.11203123195645884,0.352,0.013557051645567749,1.5008172877327453,2.8623651936974146,3.0584846055527612,3.204463794837505
310,0.308,0.03028319400684698,0.098,0.15914664031132775,1.9698570913095321,2.210898209312678,2.835302630203518,3.4604709152759052
311,0.818,0.1195291069527096,0.116,0.17808040188009303,2.441243046936051,1.287733394028761,3.204821021104906,2.4957939640321234
312,0.027,0.8031306315228647,0.22,0.46163884714937764,2.5190644585579895,2.053776357254801,2.7771454664568176,2.0664919064967915
313,0.343,1.6767581675715937,0.651,0.14350462273415562,1.5413491395829988,2.099149033646267,2.4417995248435567,3.3775198922443423
314,0.56,0.4042752822134986,0.212,0.007783053556125192,2.2833584022360265,2.082066319299359,3.5736562500183973,2.756416830063676
315,1.19,1.8146472914195404,0.268,0.8512241724671363,1.352553594929771,2.0215638567090664,2.6959716653533925,2.4795792800881475
316,0.017,0.1470773536488909,0.437,0.47157982144961025,1.9721051263534757,2.2334625986985017,3.43388792599958,3.565835924988844
317,1.218,1.0684701186431704,0.022,0.29117166767838426,1.4269223533873034,2.174499862352524,3.0615949761649612,3.254036083326653
318,0.534,0.20416360749992182,1.082,0.07020177271655889,1.4584042097466727,1.6561959015885221,3.4920186352024976,2.737245699311681
319,0.918,0.17584823260607052,0.012,0.029772010004196516,1.9819165672061392,1.9311488050933363,1.7758987228360261,2.05773214639496
320,0.548,0.7731194792995413,0.833,0.22276257311486572,2.2301435146340802,2.012491138080698,2.4834065220963932,2.748428375864163
321,0.478,1.0272011436802124,0.007,0.012480170881327947,2.499689148419593,2.474964670943956,2.7819020028903636,2.0615004991777806
322,0.68,0.024412237246874087,0.136,0.20601027627477184,1.9585474510382272,1.8158184619122002,2.4192892460153006,2.0228456052551014
323,0.541,0.017624233983628057,0.788,0.1058293589439733,2.546025791134464,1.727486527948424,3.080025247558993,2.844467609377116
324,1.546,0.14336743749180947,0.159,0.18035398578365203,1.9886610785434002,2.646716979035571,2.247499613208506,3.4932935627746087
325,0.028,1.6575659424437588,0.166,0.09559347901071423,1.6980055136546361,2.110346025957873,3.399336433268294,4.006606060644735
326,0.123,2.857808112744018,0.009,0.23353906891905782,1.9076814505152562,2.050535449859629,3.593593912735079,2.3810002538555257
327,0.836,1.1197706648117451,0.074,0.001435806963998358,2.3767221609205267,1.5803053561638287,2.535681954488493,3.716513771248769
328,0.368,0.27288000194958684,0.015,0.17054796656680696,1.3639638618354777,2.0798821825363887,2.772395531015048,2.5795763864403587
329,0.587,0.6572691935557842,0.798,0.23024712904868522,2.0327043170255097,1.9334374703747603,2.379584203358381,3.2354775000147065
330,0.241,2.804058708696707,0.503,0.13154326250145057,1.6629612012511668,2.0704386774940113,3.295241413204473,2.936834942739382
331,0.14,0.28922768586346775,0.412,0.2712512541256603,2.231850585810615,1.9563283714805935,2.633582597653405,2.1989345103530584
332,1.393,0.0492538551037051,0.53,0.5486031698248764,2.215411721975782,1.8094004556574343,3.0283619141835936,2.0858347455752546
333,0.347,1.5069335251721632,0.013,0.4557296114546545,1.735323582967954,1.6805315375088403,3.5427952690601536,3.4555654674650667
334,0.359,0.6898659270338859,0.104,0.3527241716188619,1.654482014843246,2.5448728431028096,2.5704022565380193,3.8198477747255413
335,0.302,0.1788443120450911,0.12,0.06474180573094757,2.37968197115762,1.804118840332247,3.7683841002456426,2.6967384977300286
336,2.432,0.9442880965242859,0.055,0.01421519984618174,1.9051237019334792,2.111182594467022,2.3034654942043438,2.9142514971395324
337,0.966,0.39729104851666613,0.009,0.4338428877817076,2.630687992714207,2.147158236074219,3.6329943963859246,3.0617232638750695
338,0.567,0.18220519548994457,0.659,0.6393658022206766,2.1250527437468296,2.2687677132344666,3.295808752219576,2.074470557439274
339,1.55,0.5585467698182055,0.111,0.17562718127355084,1.5648504537250292,2.189554627141235,2.9577726670173754,3.032369437088197
340,0.7,1.3166337550206986,0.429,0.6050489389867783,2.177669132399099,1.7342510865411709,3.3042081967585775,2.6860741274743685
341,1.544,0.20559011778656347,0.242,0.37428236632699396,2.4026303440818646,1.9499552226476622,2.9091534488679858,3.6001806386615254
342,0.467,2.8665725270862428,1.037,0.13678416877607155,2.3230729763927567,2.49132975785541,3.84033187922049,3.4747041275037707
343,0.185,0.4652313727631248,0.071,0.4175867246457873,2.098752696206142,2.4017099031563776,2.660737695166145,3.108350192657036
344,0.998,0.5458275610489556,0.188,0.1696881956398984,1.2636602426082293,1.6031585006601112,2.9300755658733983,3.5958570789854303
345,0.781,0.23833212417601946,0.026,0.0847132140699623,1.84315912241096,2.412724195923108,3.651926114394795,3.2764378797665286
346,1.023,0.41272779974398355,0.407,0.3806038212030452,2.3903550426556457,2.0498924884643244,3.3336860277502964,2.633197280157625
347,0.049,0.9063844334852736,0.098,0.43923054832660136,2.1090561908143894,1.9796484145640592,3.4856619816096415,2.9514053862681364
348,0.41,1.4214735848170736,0.021,0.027361874615288936,1.9443410379818529,2.4439884009159796,2.8801629009884517,3.1483035660303846
349,0.232,1.2887223093649682,0.733,0.14601736491893796,2.611709189349348,1.8507413502731098,3.3061685121734623,2.260593762185511
350,2.263,0.07172946089124912,0.437,0.15208189437054348,2.172045918220617,2.3165371763124214,3.5856122069293352,3.05682627270782
351,0.141,0.050100500083938494,0.027,0.02009064079657805,1.9552757174960185,2.226558686887027,3.2515214160702115,3.278275151280811
352,0.427,0.1151045459484405,0.107,0.03922265603931325,2.178629241635286,1.784752485137508,3.187776280061305,2.218540655944477
353,0.192,1.090786709217802,0.199,0.18044965313883596,1.8574092399985427,1.9626955376565183,2.6606717894487892,3.6981675728590813
354,0.463,0.9440229497787223,0.272,0.04548470805114619,2.1362476212010084,2.1309452754539184,2.3268521976394827,2.8453837085585594
355,0.174,0.024870208573602812,0.004,0.05681260291604685,1.962550993723127,2.20117098841593,2.6468892346859754,2.060437159948034
356,0.01,1.1130266224737886,0.239,0.12371827799683723,2.1743344718298347,2.188050044237458,3.0294141375611776,2.4879671792751465
357,0.113,0.5903531229480014,0.577,0.030849154608854422,2.2985926028621972,1.9794551152853153,3.3418895971928566,3.0510231526399982
358,0.29,1.3200912800480489,0.247,0.27748995829438194,2.0979641451606637,1.7405628620941063,3.6617024267384357,2.6767413159736604
359,0.495,0.4914420718957726,0.326,0.2930299171486106,2.6993889362110894,2.3603399367206457,3.1620582743189405,2.90511840618341
360,1.018,1.3458266588599144,0.309,0.026960425970273993,2.0244154550453923,2.2882051532247023,2.473229059108321,1.9366963503727235
361,0.507,0.21444054093972487,0.035,0.22792985186966727,1.4508881456505756,1.9763366538434917,3.0498004438788544,2.941841682940481
362,1.431,2.4420146318742564,0.321,0.2722148626140203,1.9147258358276658,1.7906208226906835,2.7974822370133494,3.633737309257826
363,0.126,0.05401602143717716,0.143,0.3874746808854934,1.7765509766884233,2.0260586034243313,4.006773507287051,2.5628770289712786
364,0.211,1.7900452759877823,0.593,0.5242260896002952,1.846216955508699,1.6636540672464895,2.736398226099229,2.922373519090385
365,0.133,1.5011157428626736,0.574,0.2985548649401801,2.0101885151353267,2.1503658237940457,2.5512105312685716,3.166306829728233
366,1.039,0.04440994496750282,0.023,0.5130938588694004,1.5232628931847914,2.059612494491487,2.119174721592133,3.1307909102394573
367,1.353,0.6666754140261962,0.392,0.13065477724829802,1.9339888556843203,1.718144486960043,2.0198019715244087,2.774553258245115
368,0.659,2.3992765601580412,0.348,0.9603752843343557,1.8518159344325842,2.4165827645398212,2.217804810009352,1.8576151980034057
369,1.716,1.894606026311032,0.01,0.08893957909758725,2.2219518601788617,1.6369200771923325,2.5005828395760608,3.488483106206114
370,0.127,0.7677449925351767,0.675,0.22459211553458555,1.889562271564363,2.0183249841126454,3.937720569935044,2.9823327654843728
371,0.011,0.18176031664993558,0.328,0.9388259993340484,2.0170126958576384,1.809926478062645,2.421198668339944,3.381839934543006
372,0.125,0.5390765373452234,0.014,0.42096993414591327,1.9269866231446207,2.615948265763954,3.667872195578612,2.050554248280238
373,0.397,0.18843243971965767,0.242,0.001748715095099212,1.921150804060426,1.9273214023899925,3.203324473254094,3.0529184903416704
374,0.12,0.14700307686143707,0.169,0.000471815707265434,1.7990083715315757,1.632298437984308,3.75772283895543,2.657999192656418
375,0.258,0.502524221038751,0.02,0.1777934006566377,1.7540292440102236,2.3597202467541423,2.7469822568059237,2.669509076320986
376,0.257,0.4159338690319088,0.28,0.4193978293241252,1.6842972262804334,1.7194601770926619,2.990095393263799,3.4397037310508596
377,1.7,0.15964557254940454,0.453,0.2648333117008209,1.8727653242818918,1.6670229482216807,3.3391254548959504,3.2548487224325724
378,0.245,0.06298731143761688,0.046,0.1968318547498305,1.7329813614228156,1.8689080020546829,3.299717210174089,4.004622902161714
379,0.31,0.09137573192154558,0.466,0.16295891457059353,1.6002342915014414,1.5345888604595586,2.6011813360295952,3.1154736363811697
380,0.866,0.0188516399821593,0.077,0.07928777805471467,2.046704156897427,2.0001190707598386,1.887107710253757,3.681536201906097
381,0.302,1.1187033449192212,0.172,1.3962578852048209,1.8646800618170698,1.9831640045801202,2.4743236305246024,2.485336041421572
382,0.136,0.59349796459776,0.052,0.022527924223717147,2.1920900714391394,1.7109836737429416,3.31438283883558,3.635309444567661
383,0.512,0.909372661104817,0.119,0.12310559297963129,1.691655789033237,1.9347972957887825,1.7273954854949614,3.299817898149146
384,0.04,1.511811944725598,0.001,0.8642193615294113,2.1339220910893233,1.459264503155312,3.174687071837789,3.4306765909383694
385,1.439,0.22298975903237545,0.03,0.23408924679726426,1.3584702528020807,2.3434030746667722,2.8743243985359435,3.058815455290224
386,0.439,0.08247208056453319,0.039,0.00019536544824821575,2.249008999416518,2.063786574594824,2.6130150043205442,2.5353691249268255
387,0.042,1.0035244899621854,0.184,0.038329653258179844,1.4403996820038192,1.971017421151773,2.890084594351438,3.897643346252862
388,0.818,0.4950554207282125,0.286,0.13556772993810218,2.21471015083271,1.583761899167707,2.7907690705234116,3.4770846742729535
389,0.191,0.6744501338215436,0.122,0.3284712219669109,1.9869719045039176,2.0699275568560136,2.391936324275205,2.547109604774135
390,0.522,0.14282908217441279,0.216,0.13364212831426747,2.236040341335304,1.9909157712688208,3.5059404553069498,4.086187591515287
391,0.888,2.632739374687027,0.415,0.14025675558092912,2.2087860939097177,1.5934266841897702,3.3989244525313116,2.26591152749818
392,0.458,1.5761116504184107,0.024,0.8870911087334751,2.027542795757083,2.0044220919189355,2.553237842135851,2.047992931738144
393,0.484,1.1511842689852292,0.478,0.03476478455335752,2.2491556362836223,2.1142536719422496,2.6675213360512258,3.3227199159584533
394,0.101,0.44735740607395763,0.143,0.8815304045275869,2.0897797265275275,1.7437261260320083,2.9320660160260164,2.9537644430975716
395,0.151,0.5731195698272453,0.118,0.06358846272351573,1.3175394356551369,1.9871740844216965,1.7841044569186684,2.968472639280278
396,0.306,0.20482847787781858,0.024,0.37500820305640975,1.9162076805529769,1.9778512192938096,2.0978507607393584,2.4297149850974744
397,0.061,0.19073779883972436,0.174,0.5538768184871344,1.7831972914655916,2.3455385129239077,3.863974511731358,3.5776027918572897
398,0.288,0.8876976640299221,0.047,0.11546123402075538,1.8018854810860656,2.219117194021132,3.045738670676408,3.098238077325439
399,0.422,2.161443538470023,0.285,0.184768620435209,1.5308006652617936,2.0941781592790543,2.4234774313544687,2.5445931529795365
400,0.682,0.779750591875164,0.023,0.0676195097544572,1.5435048271386955,1.8228042906970532,3.995896972829985,3.8384739130013426
401,1.823,0.34441481142851155,0.117,0.10204912815819991,2.0455268381576968,2.1881875054921194,2.478735960598028,2.877312523904733
402,1.699,1.3169720188627494,0.305,0.49934668979187274,1.7068354776889716,1.9262263432621323,2.9220994178858217,2.9399067753999377
403,0.165,0.09948362279710128,0.523,0.22367815779584238,2.1417335182649118,2.3471773765009085,3.3875069850471755,2.8806923167368637
404,0.094,0.8064580911178428,0.449,0.18768749459925854,2.2236298175826716,2.077067171539486,2.962969010676772,3.6891258833136558
405,0.148,0.3733391608198834,0.013,0.012751322608377781,1.7987203369236295,1.8895926258209248,3.194209807551875,2.980112015469823
406,1.809,2.7764427499462716,0.219,0.0807841378394369,1.4506820946736818,2.191198062933222,2.654912876358707,2.9657970584401117
407,0.819,1.1823248652931804,0.185,0.3144083363170885,1.4934021529897534,2.126900557013003,2.871768177028377,2.605789367713862
408,1.823,0.24094213133020131,0.247,0.08935124110354112,1.8396577172552835,1.8580087918999548,3.1401306868049987,3.3827747643175345
409,0.888,1.2062971585192281,0.196,0.47996951144168376,2.180202666747341,2.294977374711583,2.90015403287857,2.9965006453553538
410,0.399,0.2988988798409601,0.044,0.46787737484277225,2.64741370587025,1.9041342471058877,2.7405776954716843,2.7123923304676136
411,0.503,0.5700073886740141,0.063,0.4809336434532863,2.2520763339114884,1.8709913400821576,2.0964527339476016,3.4486834986946246
412,0.245,0.5000157901999704,0.016,1.0890761495687933,1.6945720486247096,2.601138929737709,2.7363323550957896,3.4585793038753523
413,0.03,1.3930711433073049,0.051,0.08408698952305575,1.8365394593450508,1.4991613749408237,2.701644431520548,3.1861913816229226
414,0.846,0.5020647602530859,1.212,0.1825569763023318,1.7058092400858988,1.7355813879003255,3.5590978103220996,1.7894936960739392
415,0.057,0.05177797732235838,0.649,0.30608527505979705,1.9803101373684882,1.7603848722546862,1.9022744422765507,2.9193881077693273
416,0.088,0.6691698542339526,0.187,0.3869900553193682,1.7580354103471572,1.9201797841695036,3.393295062666587,2.154773053562208
417,2.476,1.4054294941334082,0.207,0.004661955183420112,1.4585139911787084,2.257919635998428,2.5648531198682063,1.9247298286884558
418,0.929,0.42585092046413797,0.309,0.019647195694760453,2.086236242040544,1.8787468978449189,3.12406039545653,3.2045774526907658
419,0.561,0.7824614116742584,0.471,0.20637943548429047,1.7298003798873676,2.492323720618992,3.5783914807412147,3.334671336894201
420,0.083,3.0787610575549036,0.18,0.34818557430866387,2.053140058494918,2.1997215950099074,3.438103392619248,3.121338504507804
421,2.196,0.12550653775396606,0.045,0.007736067627661684,2.2328367986993225,2.6767062194123117,2.8015191912798953,3.411851516133818
422,0.314,0.5850721444074319,0.151,0.09349963395558732,1.9988945245812306,1.8492994937698692,3.1456497091425266,2.7976860828892915
423,0.649,0.27569911352758464,0.181,0.3284294940632728,2.2736836856608806,1.94169792173063,3.381361241072886,3.2357026531023823
424,0.833,2.7268809790831847,0.383,0.10814311141972567,2.5094660772009827,2.275598975818104,4.017793748530654,2.9604365648725497
425,0.685,0.9113876646411438,0.086,0.5736600308294469,1.9759431413573834,1.8330176847044313,3.356680535631459,2.8855731451986193
426,0.482,0.26637536207785495,0.317,0.04111726504063445,1.923312922966677,1.6383630320859526,3.3917054605996855,2.308451435105257
427,0.006,0.38669255368024036,0.156,0.0824691704391709,1.5185772637253656,2.5199205884371234,2.5002144721332056,3.5127977046274017
428,1.378,0.17891850475754828,0.062,0.005192163873603284,2.102341382111231,1.7777378262997563,3.1232086713352536,2.922412704937527
429,0.463,0.4090918883747399,0.019,0.11521745466397014,2.076104986198237,1.693241964786528,3.3981431140821265,3.118015246959885
430,0.055,0.5807470685684892,0.318,0.42673228786460504,1.9368206477685654,2.028105510243858,3.0228425161718517,2.79387783028322
431,0.055,0.3226914507261919,0.756,0.9613432636781158,2.218331423715372,2.2209581456367773,3.0123364722245127,2.8358187592585136
432,0.681,2.631259837386576,0.004,0.005314126176105438,1.7960596125316812,1.480349813908159,3.260917884274789,3.2921877415614924
433,0.847,3.7299059823255534,0.542,0.45250109209960426,2.1929899470253402,1.9347849822407068,2.0122254791454437,1.2374550808665126
434,1.241,0.02042535387634818,0.474,0.08216892474346471,1.648549435964214,2.010316722995687,3.1663527533392464,2.8518475229173186
435,0.164,0.00541960507267703,0.431,0.22419098011524083,2.453058160654402,2.149512586993573,3.1418057052132866,2.503841505774924
436,0.258,0.06340751415840225,0.112,0.12750397393509053,2.356910218343631,1.9630065764319602,2.9156226137910517,2.5880791305643314
437,0.146,0.6875845106396101,0.049,0.013972347830527991,1.9110111874442073,2.564527824992154,2.9360589506462156,2.9248313392361807
438,4.024,0.041799741106525325,0.023,0.08473667288570239,2.3094112043167407,1.9240365723090072,3.8733193938236354,2.609768124986572
439,0.222,0.4017489176137064,0.306,0.24079138555716917,2.3151678234263047,2.235359790425611,3.006531009152378,3.078662907800189
440,0.302,0.09151882946879698,0.525,0.9399947414277874,2.4980578306336962,2.32523155412366,3.6823639223105604,2.3953056109175312
441,1.689,0.6625348871816488,0.041,0.23687076104511176,1.4207663116590599,1.9784135403824987,3.3124973211461066,2.620407653947034
442,0.043,0.2999194692633707,0.166,0.0976820076056242,2.2355830406351744,1.8710541144105775,2.4231418117351207,2.9495837862941205
443,0.228,0.17209950316737535,0.361,0.38015878355227345,2.1289205183587745,1.759868595869063,3.4201492437316134,2.027848956170926
444,0.251,0.09746289516015696,0.264,0.2092756817340891,1.6073212450976815,2.409500997708304,2.170200840045231,2.653770841493739
445,1.523,1.3042624675524515,0.114,0.1629687747534273,2.386958818414997,1.8057295351006601,3.1359980777555982,3.7445602383181336
446,0.191,0.601189968950935,0.21,0.07513864080428691,2.3469530326860917,2.048643665886782,3.361047892584968,3.2354594760816715
447,0.69,0.05741393934279071,0.147,0.15171940243924673,1.8956231647858548,2.2810676853800507,1.9964452502431826,3.0774832683569353
448,0.306,0.19800224528447974,0.193,0.020287669108958684,1.9503851661202658,1.9537983982185287,1.9493974078269714,1.6574443850123477
449,0.275,2.6846981003263903,0.058,0.001000840938679795,1.3607340237037842,1.910095067999751,3.2179057134118425,3.2148020391036467
450,0.706,0.26178275852865446,0.351,0.0670101971463763,2.354087800075783,1.7665378921879573,3.529124559479423,2.498445632004825
451,0.762,2.1369480436298645,0.613,0.023197584868741593,1.4844274999778873,2.2094166766256924,3.561054082540443,2.7195161523871585
452,0.245,0.02835601009516931,0.422,0.08877667484234615,2.0483672787864187,1.5644950044471182,2.7288288315275904,2.324744174821811
453,1.366,0.5162716734067071,0.571,0.01497532218208743,1.644175120553731,1.7589021553640591,2.663400298058851,2.3088290833652443
454,1.032,1.526098502182036,0.483,0.0034987607357752164,1.991362151515534,2.200239084263438,2.9765207452493923,2.4980304097634054
455,1.2,0.014451747846450008,0.266,0.0263488188812457,1.7602087438124816,1.93788392312173,3.8190102298130393,2.863542420328296
456,0.058,0.07649092245094877,0.041,0.37352844890563713,1.9631154078017925,2.012133388487954,2.9459307079830364,2.709691033811524
457,0.551,0.07356480248724973,0.154,0.14562005270937936,1.5561763435415163,1.9894413366982264,3.232298103061322,2.6890396359415933
458,0.464,0.2845157380719727,0.322,0.09723296444490957,2.008405308479982,2.5798688418215674,3.114477224856585,3.3058870954392052
459,1.08,1.057340906108472,0.714,0.020632668507660264,1.7273358943730466,2.2896517906654923,1.8293437007597493,2.538073208330464
460,1.32,0.5791595224641699,0.164,0.31311712444451617,2.561311022685393,2.4110122352456163,2.90465537148964,3.0136077355960285
461,0.18,0.4101899285018192,0.222,0.03498740610613126,1.7120264342474238,2.0758130146688902,3.643749331675752,3.8332949932182876
462,1.027,0.29064759003827406,0.4,0.15346807808389965,1.94793129044184,2.4172590864947776,2.7877314857385964,2.9624016752681253
463,1.145,0.8399420638116646,0.815,0.040271611109457886,1.7571428011756016,2.298666431640876,2.7936856130376717,1.8934804001637533
464,0.501,0.4222620127661539,0.117,0.044137766592164035,2.419324763198671,1.812124021496503,3.351314265196584,3.5670616376394584
465,1.787,0.23268780277786807,0.552,0.25995990154910253,2.2432965070952577,2.1647597782785253,2.88251066712443,3.270981376594198
466,1.54,0.8585108094835864,0.163,0.06473357210859071,1.7271600775088505,2.2369156860943216,2.4040799047312205,2.5366374104517804
467,0.061,2.168581698271151,0.767,0.016838030524760777,2.014524175885531,1.6411996383033076,2.620428306709907,3.1315113620131276
468,0.447,0.3558898837084029,0.237,0.6493152917561636,2.0714276011057335,2.0677468531023875,3.0846716682235384,2.8799383253627164
469,0.882,0.01386676185214528,0.136,0.0015370120069212944,1.4584001248067997,2.4224672617704113,3.240105208987596,2.6850680476725404
470,0.241,0.3243561040180313,0.031,0.2059681488869513,1.6827917888618364,1.8872992996557165,2.2660681549440707,3.2470158436320466
471,0.765,0.3612749203989075,0.204,0.04784088155224358,1.496846212985142,1.8708969696401134,3.4747841869244476,3.316423105065277
472,0.871,0.3617439748958978,0.185,0.011644383792944706,1.8457941655396948,1.8936110438067286,2.1197667775440667,3.11279714164337
473,1.183,0.07803517121421713,0.055,0.22244873926064102,1.9450508869214878,2.222106473760058,1.8705607148940375,3.3783023641607617
474,0.52,1.780416806586011,0.034,0.07430141975393359,2.3688527048170815,2.2568267939372135,3.8187688962668487,3.346075164696063
475,1.272,0.6744933717936111,0.125,0.25894153546535875,1.7214794799917172,1.8727550935038555,3.0814575994393105,3.1040177590587046
476,0.139,0.002081251034447563,0.116,0.2741639530593273,2.2680039022682763,1.9870233490867137,2.528403739196072,3.207218371418509
477,0.032,0.3733740010968894,0.113,0.5476185131612837,1.7142268600180888,1.7345225395858,2.775978531133879,2.814908312827927
478,0.383,0.6326593413546231,0.828,0.7712121576880817,2.064106208044088,1.6076572994206075,3.73542461157208,1.4889011844824587
479,0.92,0.400185493562516,0.108,0.041832039223379865,2.186066560260121,2.5959016681222895,2.945396356500489,3.4408667875924364
480,0.207,0.39363787550320717,0.428,0.0527654931541237,1.9413198051209712,1.8951443209704972,3.81360691220804,3.2309483970371877
481,0.075,0.7179892791173753,0.203,0.20559355037295154,2.0290969576701623,2.2052237951437164,2.76006293854212,3.399695487803958
482,0.287,0.7451614686483055,0.149,0.01991807929048514,2.084656634659514,1.9163783962116234,3.2978647803762167,2.217628356719235
483,0.874,0.17559951942324462,0.095,0.34252646436962486,1.9880917683075825,1.7284658676780105,3.0532585723536148,3.8133662228884786
484,1.248,0.0933530712079931,0.285,0.039800159448055435,2.1580756487709856,2.341057661877558,3.259885039731219,2.7863281324271134
485,0.395,0.08927376972549168,0.351,0.15594726360115826,1.550926320969764,2.0741393915594495,4.174322815361298,3.882121047218787
486,0.097,0.41799492494490476,0.447,0.7688548104956073,2.118224401003636,2.2503962986119896,3.0294048789076813,3.1446673805433134
487,0.444,0.21448051385984823,0.143,0.06589261636731572,1.3702678150914622,2.7056160907164712,4.242977947011601,3.0181649601358815
488,1.461,0.7223183611964006,0.38,0.03529747949099767,2.4790120095458317,1.7535466481891089,2.885048220366266,2.118134301058155
489,0.614,0.2631387172568578,0.282,0.5987182879072311,2.27903767136645,2.0408636432631484,4.155939354641184,3.3035663738289194
490,0.322,0.7217795711892632,0.24,0.1741393416400059,1.621572845206194,1.49514891891081,3.496017008473148,3.3726100091743914
491,0.982,1.0524885916408948,0.013,0.5669549211309676,1.9715694247033233,2.185044329796712,2.661182626343105,3.3756770225832446
492,0.253,0.6409462398468863,0.285,0.09011182561507348,1.4518915837831892,1.9871866760186698,3.196401368739124,2.800090147443417
493,1.671,0.5538242220648999,0.068,0.0969530922774731,2.4111416315217924,2.7823624182736943,2.469675620930516,3.3875110989804647
494,0.059,0.36707586115585356,0.059,0.17702993792795257,1.7423736007519637,1.7596701132182195,3.651732265181649,2.7547729586703755
495,0.441,0.9556102185450058,0.158,0.00871320423849851,1.9683196651450627,1.9694348558656107,2.47736926347293,2.689002999136597
496,0.226,1.135785372143069,0.069,0.054770016289737725,2.1290833495717925,2.4644029693613216,4.20325473705532,3.4032792486028147
497,0.856,1.8649191018086033,0.049,0.34765257200398975,2.354647279066012,2.0038087641780833,3.494712225307587,3.147410679552405
498,1.86,0.045784812319873344,0.617,0.00529473913648911,2.0881835524375023,1.8344506664454772,2.5815127769659387,2.205622539655511
499,1.03,0.7273784785586611,0.081,0.4662171837631404,1.755156369882946,1.6984713768294657,3.1914249238684103,2.9528768209531955
500,0.347,0.07775679464359553,0.011,0.48937024671254276,1.671907640460771,2.253854606038149,2.958160256672052,2.629305000115812
